date,pr,tasmax,tasmin,year,month
1901-01-01,33.17,15.8,1.34,1901,1
1901-02-01,13.82,17.25,3.25,1901,2
1901-03-01,23.8,24.56,10.42,1901,3
1901-04-01,14.41,29.53,14.9,1901,4
1901-05-01,31.31,34.52,19.57,1901,5
1901-06-01,12.88,37.45,23.49,1901,6
1901-07-01,67.19,36.07,24.26,1901,7
1901-08-01,22.7,34.54,22.94,1901,8
1901-09-01,14.17,33.23,19.66,1901,9
1901-10-01,3.18,30.19,14.12,1901,10
1901-11-01,1.1,24.51,8.24,1901,11
1901-12-01,5.24,19.09,4.02,1901,12
1902-01-01,5.72,17.56,3.1,1902,1
1902-02-01,7.05,18.94,4.95,1902,2
1902-03-01,15.73,25.03,10.9,1902,3
1902-04-01,15.95,30.14,15.52,1902,4
1902-05-01,14.92,35.03,20.08,1902,5
1902-06-01,18.08,36.88,22.92,1902,6
1902-07-01,32.0,35.93,24.13,1902,7
1902-08-01,36.48,35.03,23.43,1902,8
1902-09-01,19.0,32.91,19.33,1902,9
1902-10-01,5.81,29.8,13.73,1902,10
1902-11-01,12.64,24.03,7.76,1902,11
1902-12-01,7.58,18.12,3.05,1902,12
1903-01-01,21.1,15.96,1.5,1903,1
1903-02-01,13.47,17.77,3.78,1903,2
1903-03-01,32.56,21.81,7.68,1903,3
1903-04-01,14.08,28.38,13.75,1903,4
1903-05-01,28.63,34.04,19.09,1903,5
1903-06-01,9.22,37.82,23.86,1903,6
1903-07-01,73.92,35.81,24.01,1903,7
1903-08-01,38.36,34.35,22.75,1903,8
1903-09-01,24.01,33.42,19.85,1903,9
1903-10-01,2.37,29.93,13.85,1903,10
1903-11-01,2.0,23.07,6.8,1903,11
1903-12-01,11.08,17.65,2.57,1903,12
1904-01-01,37.76,15.27,0.8,1904,1
1904-02-01,12.05,18.9,4.91,1904,2
1904-03-01,48.93,23.36,9.23,1904,3
1904-04-01,11.97,30.01,15.38,1904,4
1904-05-01,10.72,34.58,19.63,1904,5
1904-06-01,7.94,37.19,23.22,1904,6
1904-07-01,30.52,35.33,23.52,1904,7
1904-08-01,31.14,34.36,22.76,1904,8
1904-09-01,17.9,32.87,19.29,1904,9
1904-10-01,7.15,29.43,13.35,1904,10
1904-11-01,10.83,23.94,7.68,1904,11
1904-12-01,8.25,18.69,3.61,1904,12
1905-01-01,41.92,15.05,0.59,1905,1
1905-02-01,29.04,15.46,1.47,1905,2
1905-03-01,34.73,21.11,6.98,1905,3
1905-04-01,13.94,28.35,13.71,1905,4
1905-05-01,13.03,35.43,20.48,1905,5
1905-06-01,9.08,37.37,23.41,1905,6
1905-07-01,26.33,35.8,24.01,1905,7
1905-08-01,16.87,34.94,23.35,1905,8
1905-09-01,32.68,33.25,19.67,1905,9
1905-10-01,2.52,30.37,14.28,1905,10
1905-11-01,1.08,24.76,8.49,1905,11
1905-12-01,23.13,18.3,3.22,1905,12
1906-01-01,9.48,15.27,0.81,1906,1
1906-02-01,56.55,16.71,2.73,1906,2
1906-03-01,31.37,22.53,8.38,1906,3
1906-04-01,12.23,28.88,14.25,1906,4
1906-05-01,20.31,35.42,20.47,1906,5
1906-06-01,13.16,36.89,22.93,1906,6
1906-07-01,30.89,35.93,24.13,1906,7
1906-08-01,46.84,34.65,23.06,1906,8
1906-09-01,27.49,32.57,19.0,1906,9
1906-10-01,3.06,30.09,14.01,1906,10
1906-11-01,1.09,24.62,8.36,1906,11
1906-12-01,11.36,19.34,4.28,1906,12
1907-01-01,18.72,17.81,3.35,1907,1
1907-02-01,30.14,17.34,3.35,1907,2
1907-03-01,25.04,22.38,8.25,1907,3
1907-04-01,29.85,28.91,14.28,1907,4
1907-05-01,6.41,33.39,18.43,1907,5
1907-06-01,28.79,36.4,22.43,1907,6
1907-07-01,39.37,36.39,24.6,1907,7
1907-08-01,55.63,33.66,22.06,1907,8
1907-09-01,6.46,32.71,19.14,1907,9
1907-10-01,2.94,29.27,13.3,1907,10
1907-11-01,1.72,24.11,7.94,1907,11
1907-12-01,5.56,17.83,2.76,1907,12
1908-01-01,33.22,16.85,2.4,1908,1
1908-02-01,17.93,18.22,4.24,1908,2
1908-03-01,15.35,23.11,8.99,1908,3
1908-04-01,46.82,29.98,15.36,1908,4
1908-05-01,15.29,34.25,19.3,1908,5
1908-06-01,11.51,37.34,23.38,1908,6
1908-07-01,84.7,35.1,23.3,1908,7
1908-08-01,80.07,33.37,21.77,1908,8
1908-09-01,24.22,32.16,18.58,1908,9
1908-10-01,2.87,28.94,12.86,1908,10
1908-11-01,1.11,23.44,7.16,1908,11
1908-12-01,17.98,17.77,2.7,1908,12
1909-01-01,19.85,15.35,0.88,1909,1
1909-02-01,28.91,17.5,3.51,1909,2
1909-03-01,18.0,23.86,9.73,1909,3
1909-04-01,36.75,29.28,14.64,1909,4
1909-05-01,7.27,34.13,19.17,1909,5
1909-06-01,23.28,36.75,22.78,1909,6
1909-07-01,100.59,34.63,22.83,1909,7
1909-08-01,30.47,33.96,22.36,1909,8
1909-09-01,34.14,31.87,18.29,1909,9
1909-10-01,3.71,29.27,13.19,1909,10
1909-11-01,2.71,24.7,8.43,1909,11
1909-12-01,31.61,17.93,2.85,1909,12
1910-01-01,39.37,16.35,1.9,1910,1
1910-02-01,12.03,18.53,4.55,1910,2
1910-03-01,15.25,23.19,9.06,1910,3
1910-04-01,25.3,28.67,14.03,1910,4
1910-05-01,9.33,34.72,19.76,1910,5
1910-06-01,28.16,36.8,22.84,1910,6
1910-07-01,70.22,35.04,23.24,1910,7
1910-08-01,75.99,33.95,22.35,1910,8
1910-09-01,7.2,32.8,19.23,1910,9
1910-10-01,2.27,29.05,12.97,1910,10
1910-11-01,1.0,22.98,6.72,1910,11
1910-12-01,9.08,17.25,2.17,1910,12
1911-01-01,48.82,16.71,2.26,1911,1
1911-02-01,14.57,18.53,4.55,1911,2
1911-03-01,47.84,22.28,8.16,1911,3
1911-04-01,13.34,29.21,14.57,1911,4
1911-05-01,10.96,35.14,20.19,1911,5
1911-06-01,9.26,37.08,23.12,1911,6
1911-07-01,17.29,36.2,24.4,1911,7
1911-08-01,20.75,34.69,23.09,1911,8
1911-09-01,11.55,32.97,19.4,1911,9
1911-10-01,4.86,29.71,13.63,1911,10
1911-11-01,8.87,22.39,6.12,1911,11
1911-12-01,11.51,18.23,3.15,1911,12
1912-01-01,39.28,17.1,2.66,1912,1
1912-02-01,16.82,19.1,5.11,1912,2
1912-03-01,11.58,23.33,9.2,1912,3
1912-04-01,21.48,29.87,15.23,1912,4
1912-05-01,18.8,34.82,19.86,1912,5
1912-06-01,13.09,37.74,23.77,1912,6
1912-07-01,49.08,35.87,24.06,1912,7
1912-08-01,48.71,34.06,22.46,1912,8
1912-09-01,10.61,32.03,18.46,1912,9
1912-10-01,2.62,29.82,13.74,1912,10
1912-11-01,2.55,23.14,6.87,1912,11
1912-12-01,19.49,18.23,3.16,1912,12
1913-01-01,13.46,17.21,2.76,1913,1
1913-02-01,26.11,17.86,3.87,1913,2
1913-03-01,24.76,21.82,7.69,1913,3
1913-04-01,18.76,29.79,15.15,1913,4
1913-05-01,12.29,34.19,19.23,1913,5
1913-06-01,25.01,36.36,22.39,1913,6
1913-07-01,45.05,35.35,23.54,1913,7
1913-08-01,52.78,34.2,22.6,1913,8
1913-09-01,27.49,32.76,19.17,1913,9
1913-10-01,3.04,29.97,13.9,1913,10
1913-11-01,4.56,23.54,7.28,1913,11
1913-12-01,20.82,18.21,3.12,1913,12
1914-01-01,20.57,18.19,3.6,1914,1
1914-02-01,34.96,17.89,3.62,1914,2
1914-03-01,20.37,23.2,8.86,1914,3
1914-04-01,34.44,29.56,14.81,1914,4
1914-05-01,11.82,34.87,19.92,1914,5
1914-06-01,29.5,37.32,23.25,1914,6
1914-07-01,99.64,35.47,23.41,1914,7
1914-08-01,30.12,34.27,22.67,1914,8
1914-09-01,32.56,33.58,19.29,1914,9
1914-10-01,19.65,29.15,13.07,1914,10
1914-11-01,9.5,24.13,8.37,1914,11
1914-12-01,10.93,17.47,2.4,1914,12
1915-01-01,7.77,16.4,1.93,1915,1
1915-02-01,29.4,17.18,3.19,1915,2
1915-03-01,24.29,24.43,10.28,1915,3
1915-04-01,41.39,29.78,14.91,1915,4
1915-05-01,6.07,36.16,21.01,1915,5
1915-06-01,12.65,37.59,23.64,1915,6
1915-07-01,41.39,36.05,24.38,1915,7
1915-08-01,19.61,35.04,23.43,1915,8
1915-09-01,16.49,34.02,20.43,1915,9
1915-10-01,9.69,30.62,14.36,1915,10
1915-11-01,1.51,24.53,7.99,1915,11
1915-12-01,7.66,18.83,3.41,1915,12
1916-01-01,18.24,17.49,3.12,1916,1
1916-02-01,20.56,17.2,3.33,1916,2
1916-03-01,12.33,25.47,11.2,1916,3
1916-04-01,29.45,30.5,15.69,1916,4
1916-05-01,21.73,34.19,19.11,1916,5
1916-06-01,12.93,36.54,22.74,1916,6
1916-07-01,51.89,35.73,23.78,1916,7
1916-08-01,131.51,34.37,22.72,1916,8
1916-09-01,24.96,32.75,19.15,1916,9
1916-10-01,7.6,29.32,13.12,1916,10
1916-11-01,0.93,22.21,5.74,1916,11
1916-12-01,3.48,17.78,2.69,1916,12
1917-01-01,14.78,17.36,2.85,1917,1
1917-02-01,6.98,19.37,5.5,1917,2
1917-03-01,29.77,23.81,9.34,1917,3
1917-04-01,15.08,28.27,13.29,1917,4
1917-05-01,15.51,33.24,18.29,1917,5
1917-06-01,18.63,36.4,22.53,1917,6
1917-07-01,30.05,34.96,23.28,1917,7
1917-08-01,94.94,33.61,22.01,1917,8
1917-09-01,61.82,31.9,18.32,1917,9
1917-10-01,9.14,28.54,12.46,1917,10
1917-11-01,0.91,22.29,6.01,1917,11
1917-12-01,16.21,18.03,2.94,1917,12
1918-01-01,6.56,15.83,1.37,1918,1
1918-02-01,7.58,18.49,4.5,1918,2
1918-03-01,43.15,23.24,9.1,1918,3
1918-04-01,27.25,27.93,13.3,1918,4
1918-05-01,4.62,35.62,20.6,1918,5
1918-06-01,14.84,36.77,22.8,1918,6
1918-07-01,20.32,36.22,24.35,1918,7
1918-08-01,28.31,34.91,23.23,1918,8
1918-09-01,12.68,32.79,19.12,1918,9
1918-10-01,2.37,29.68,13.54,1918,10
1918-11-01,6.6,23.72,7.45,1918,11
1918-12-01,28.97,17.35,2.31,1918,12
1919-01-01,31.51,15.91,1.38,1919,1
1919-02-01,17.45,17.5,3.45,1919,2
1919-03-01,25.64,23.48,9.33,1919,3
1919-04-01,17.72,29.13,14.43,1919,4
1919-05-01,10.15,34.26,19.27,1919,5
1919-06-01,4.59,37.67,23.71,1919,6
1919-07-01,65.5,35.59,23.76,1919,7
1919-08-01,68.19,33.97,22.31,1919,8
1919-09-01,16.63,32.15,18.52,1919,9
1919-10-01,1.77,29.53,13.35,1919,10
1919-11-01,1.43,23.54,7.15,1919,11
1919-12-01,32.56,17.85,2.75,1919,12
1920-01-01,29.7,16.77,2.37,1920,1
1920-02-01,20.19,17.32,3.35,1920,2
1920-03-01,31.91,23.51,9.37,1920,3
1920-04-01,20.01,28.78,14.19,1920,4
1920-05-01,14.04,32.38,17.43,1920,5
1920-06-01,13.27,35.82,21.86,1920,6
1920-07-01,27.21,35.29,23.49,1920,7
1920-08-01,22.45,34.0,22.38,1920,8
1920-09-01,13.4,33.44,19.89,1920,9
1920-10-01,1.79,30.43,14.33,1920,10
1920-11-01,4.49,24.22,8.05,1920,11
1920-12-01,5.4,17.85,2.82,1920,12
1921-01-01,11.62,16.9,2.44,1921,1
1921-02-01,8.05,18.09,4.13,1921,2
1921-03-01,16.65,25.23,11.12,1921,3
1921-04-01,15.75,31.17,16.59,1921,4
1921-05-01,10.41,35.35,20.41,1921,5
1921-06-01,13.35,37.22,23.28,1921,6
1921-07-01,68.17,36.07,24.24,1921,7
1921-08-01,81.27,33.94,22.32,1921,8
1921-09-01,19.26,32.48,18.86,1921,9
1921-10-01,7.83,29.3,13.13,1921,10
1921-11-01,2.77,23.95,7.64,1921,11
1921-12-01,28.88,19.38,4.33,1921,12
1922-01-01,17.81,16.34,1.9,1922,1
1922-02-01,32.91,19.07,5.09,1922,2
1922-03-01,17.35,24.43,10.3,1922,3
1922-04-01,9.95,30.28,15.64,1922,4
1922-05-01,17.78,34.36,19.41,1922,5
1922-06-01,12.61,36.81,22.84,1922,6
1922-07-01,35.0,35.88,24.05,1922,7
1922-08-01,34.37,34.31,22.71,1922,8
1922-09-01,40.34,32.43,18.85,1922,9
1922-10-01,4.19,29.18,13.09,1922,10
1922-11-01,0.97,23.77,7.5,1922,11
1922-12-01,15.12,18.38,3.3,1922,12
1923-01-01,30.28,16.55,2.1,1923,1
1923-02-01,33.19,17.75,3.77,1923,2
1923-03-01,22.56,24.28,10.16,1923,3
1923-04-01,16.27,29.93,15.31,1923,4
1923-05-01,21.27,33.82,18.86,1923,5
1923-06-01,5.96,37.51,23.59,1923,6
1923-07-01,42.11,35.15,23.33,1923,7
1923-08-01,75.67,33.72,22.12,1923,8
1923-09-01,9.3,32.3,18.72,1923,9
1923-10-01,7.69,29.04,12.94,1923,10
1923-11-01,1.32,23.09,6.69,1923,11
1923-12-01,10.23,17.92,2.73,1923,12
1924-01-01,24.3,16.03,1.48,1924,1
1924-02-01,41.91,18.42,4.39,1924,2
1924-03-01,19.2,24.75,10.63,1924,3
1924-04-01,32.1,29.99,15.35,1924,4
1924-05-01,33.31,32.55,17.6,1924,5
1924-06-01,3.3,37.5,23.54,1924,6
1924-07-01,48.34,36.19,24.36,1924,7
1924-08-01,26.8,34.4,22.78,1924,8
1924-09-01,39.33,31.94,18.34,1924,9
1924-10-01,1.36,29.26,13.11,1924,10
1924-11-01,4.27,23.15,6.83,1924,11
1924-12-01,34.04,18.42,3.38,1924,12
1925-01-01,14.55,15.17,0.72,1925,1
1925-02-01,15.51,16.54,2.44,1925,2
1925-03-01,12.23,24.75,10.49,1925,3
1925-04-01,9.85,31.15,16.48,1925,4
1925-05-01,26.87,34.55,19.49,1925,5
1925-06-01,14.87,36.13,22.09,1925,6
1925-07-01,55.23,34.96,23.09,1925,7
1925-08-01,37.97,34.47,22.87,1925,8
1925-09-01,16.03,33.34,19.67,1925,9
1925-10-01,9.4,30.31,14.2,1925,10
1925-11-01,8.68,23.27,6.89,1925,11
1925-12-01,3.35,18.67,3.58,1925,12
1926-01-01,21.37,17.09,2.61,1926,1
1926-02-01,13.85,19.87,5.89,1926,2
1926-03-01,48.62,23.34,9.2,1926,3
1926-04-01,26.46,27.83,13.31,1926,4
1926-05-01,16.44,33.24,18.28,1926,5
1926-06-01,10.63,37.51,23.55,1926,6
1926-07-01,39.9,35.91,24.11,1926,7
1926-08-01,67.16,34.36,22.74,1926,8
1926-09-01,39.39,32.5,18.92,1926,9
1926-10-01,1.31,29.15,12.96,1926,10
1926-11-01,1.33,21.93,5.66,1926,11
1926-12-01,16.55,18.0,2.98,1926,12
1927-01-01,13.73,15.13,0.75,1927,1
1927-02-01,25.63,17.05,3.11,1927,2
1927-03-01,20.95,22.78,8.63,1927,3
1927-04-01,14.35,29.15,14.48,1927,4
1927-05-01,9.52,33.84,18.88,1927,5
1927-06-01,9.97,36.84,22.86,1927,6
1927-07-01,87.4,35.42,23.6,1927,7
1927-08-01,32.66,33.97,22.36,1927,8
1927-09-01,15.55,32.62,19.04,1927,9
1927-10-01,2.27,30.01,13.92,1927,10
1927-11-01,1.76,23.43,7.15,1927,11
1927-12-01,33.79,18.76,3.69,1927,12
1928-01-01,13.5,15.93,1.49,1928,1
1928-02-01,29.65,18.51,4.52,1928,2
1928-03-01,25.02,23.45,9.33,1928,3
1928-04-01,14.67,29.75,15.13,1928,4
1928-05-01,5.13,35.29,20.31,1928,5
1928-06-01,7.54,36.99,23.02,1928,6
1928-07-01,31.9,35.47,23.69,1928,7
1928-08-01,39.19,34.12,22.53,1928,8
1928-09-01,29.03,32.15,18.59,1928,9
1928-10-01,3.66,29.82,13.69,1928,10
1928-11-01,14.59,24.08,7.8,1928,11
1928-12-01,18.93,17.72,2.74,1928,12
1929-01-01,21.13,15.51,1.03,1929,1
1929-02-01,17.71,17.1,3.14,1929,2
1929-03-01,11.92,25.16,11.0,1929,3
1929-04-01,12.77,30.51,16.03,1929,4
1929-05-01,10.41,34.85,19.85,1929,5
1929-06-01,13.13,37.0,23.03,1929,6
1929-07-01,121.12,35.14,23.35,1929,7
1929-08-01,80.86,33.78,22.19,1929,8
1929-09-01,5.82,33.22,19.65,1929,9
1929-10-01,6.12,29.27,13.14,1929,10
1929-11-01,7.28,24.22,7.91,1929,11
1929-12-01,19.03,16.36,1.42,1929,12
1930-01-01,27.42,14.96,0.5,1930,1
1930-02-01,16.84,17.54,3.57,1930,2
1930-03-01,17.99,23.9,9.73,1930,3
1930-04-01,42.73,28.93,14.34,1930,4
1930-05-01,11.88,34.35,19.38,1930,5
1930-06-01,14.69,36.86,22.47,1930,6
1930-07-01,87.84,35.02,22.96,1930,7
1930-08-01,20.67,34.07,22.39,1930,8
1930-09-01,19.86,32.82,19.36,1930,9
1930-10-01,4.53,29.77,13.76,1930,10
1930-11-01,1.58,23.7,7.37,1930,11
1930-12-01,5.84,18.3,2.77,1930,12
1931-01-01,26.4,17.18,3.04,1931,1
1931-02-01,39.72,15.76,2.05,1931,2
1931-03-01,14.9,23.61,9.44,1931,3
1931-04-01,22.05,30.83,16.19,1931,4
1931-05-01,24.32,33.9,19.22,1931,5
1931-06-01,23.66,36.5,22.71,1931,6
1931-07-01,59.62,34.89,23.31,1931,7
1931-08-01,41.97,34.83,23.28,1931,8
1931-09-01,12.35,32.78,19.2,1931,9
1931-10-01,11.75,29.52,13.41,1931,10
1931-11-01,4.56,23.53,7.59,1931,11
1931-12-01,6.73,18.53,3.49,1931,12
1932-01-01,24.04,17.71,3.63,1932,1
1932-02-01,12.63,18.34,4.31,1932,2
1932-03-01,37.27,24.51,10.27,1932,3
1932-04-01,10.01,30.72,15.91,1932,4
1932-05-01,11.0,33.59,18.63,1932,5
1932-06-01,16.53,37.14,23.26,1932,6
1932-07-01,97.09,35.65,23.83,1932,7
1932-08-01,55.56,33.6,21.99,1932,8
1932-09-01,7.9,33.16,19.63,1932,9
1932-10-01,3.82,29.31,13.39,1932,10
1932-11-01,1.33,23.69,7.66,1932,11
1932-12-01,12.85,17.29,2.25,1932,12
1933-01-01,21.87,14.88,0.41,1933,1
1933-02-01,19.21,18.71,4.71,1933,2
1933-03-01,34.05,23.23,9.1,1933,3
1933-04-01,25.62,28.33,13.67,1933,4
1933-05-01,12.94,34.02,18.82,1933,5
1933-06-01,15.67,37.03,23.08,1933,6
1933-07-01,69.84,35.73,23.89,1933,7
1933-08-01,86.84,33.16,21.56,1933,8
1933-09-01,23.57,32.0,18.38,1933,9
1933-10-01,3.85,29.39,13.21,1933,10
1933-11-01,3.33,24.13,7.89,1933,11
1933-12-01,13.59,19.28,4.57,1933,12
1934-01-01,18.31,14.35,-0.03,1934,1
1934-02-01,16.47,20.34,6.34,1934,2
1934-03-01,27.32,23.12,8.72,1934,3
1934-04-01,25.89,29.59,15.04,1934,4
1934-05-01,16.29,33.09,18.43,1934,5
1934-06-01,15.25,36.92,23.05,1934,6
1934-07-01,34.52,35.51,23.73,1934,7
1934-08-01,70.67,34.27,22.65,1934,8
1934-09-01,12.08,32.94,19.4,1934,9
1934-10-01,2.83,28.85,12.7,1934,10
1934-11-01,2.81,23.6,7.32,1934,11
1934-12-01,14.86,19.22,4.24,1934,12
1935-01-01,39.37,14.57,0.16,1935,1
1935-02-01,42.27,18.78,4.54,1935,2
1935-03-01,23.09,24.11,9.71,1935,3
1935-04-01,40.46,27.22,12.64,1935,4
1935-05-01,11.22,33.85,18.88,1935,5
1935-06-01,12.57,36.48,22.63,1935,6
1935-07-01,46.25,35.1,23.28,1935,7
1935-08-01,44.53,33.84,22.2,1935,8
1935-09-01,16.06,32.28,18.7,1935,9
1935-10-01,6.58,28.87,12.79,1935,10
1935-11-01,8.66,23.74,7.62,1935,11
1935-12-01,5.4,18.12,3.1,1935,12
1936-01-01,16.11,15.2,0.64,1936,1
1936-02-01,43.43,19.13,5.02,1936,2
1936-03-01,32.88,22.36,8.18,1936,3
1936-04-01,17.59,29.02,14.29,1936,4
1936-05-01,21.01,36.47,21.4,1936,5
1936-06-01,23.13,36.4,22.3,1936,6
1936-07-01,34.28,35.19,23.29,1936,7
1936-08-01,27.4,34.23,22.53,1936,8
1936-09-01,17.05,33.24,19.48,1936,9
1936-10-01,4.8,30.21,13.88,1936,10
1936-11-01,11.13,23.38,7.02,1936,11
1936-12-01,15.4,17.8,2.95,1936,12
1937-01-01,18.43,15.42,1.23,1937,1
1937-02-01,42.74,18.65,4.65,1937,2
1937-03-01,28.34,22.39,8.24,1937,3
1937-04-01,37.39,28.26,13.65,1937,4
1937-05-01,8.83,34.55,19.67,1937,5
1937-06-01,7.4,37.42,23.49,1937,6
1937-07-01,84.49,35.27,23.37,1937,7
1937-08-01,13.98,34.78,22.98,1937,8
1937-09-01,17.86,32.81,19.27,1937,9
1937-10-01,6.99,28.48,12.57,1937,10
1937-11-01,2.94,23.39,6.96,1937,11
1937-12-01,15.58,16.87,1.6,1937,12
1938-01-01,42.09,15.64,1.33,1938,1
1938-02-01,21.49,17.3,3.26,1938,2
1938-03-01,21.31,23.85,9.72,1938,3
1938-04-01,21.21,30.31,15.52,1938,4
1938-05-01,5.34,36.47,21.3,1938,5
1938-06-01,27.58,36.22,22.28,1938,6
1938-07-01,50.78,35.52,23.77,1938,7
1938-08-01,41.29,34.71,22.96,1938,8
1938-09-01,6.46,32.97,19.28,1938,9
1938-10-01,3.85,29.77,13.62,1938,10
1938-11-01,2.7,22.33,6.12,1938,11
1938-12-01,15.26,18.1,3.3,1938,12
1939-01-01,19.6,16.96,2.72,1939,1
1939-02-01,55.35,18.19,4.13,1939,2
1939-03-01,50.4,21.35,7.16,1939,3
1939-04-01,25.75,27.49,12.8,1939,4
1939-05-01,7.43,34.5,19.36,1939,5
1939-06-01,8.95,36.94,22.95,1939,6
1939-07-01,30.7,35.49,23.72,1939,7
1939-08-01,24.41,34.72,23.03,1939,8
1939-09-01,8.68,33.65,20.05,1939,9
1939-10-01,6.84,29.97,14.11,1939,10
1939-11-01,2.42,24.12,7.91,1939,11
1939-12-01,8.68,19.9,4.75,1939,12
1940-01-01,34.35,17.6,3.31,1940,1
1940-02-01,25.09,19.09,5.29,1940,2
1940-03-01,24.27,22.47,8.33,1940,3
1940-04-01,17.88,28.84,14.05,1940,4
1940-05-01,18.36,35.02,19.99,1940,5
1940-06-01,31.0,37.14,23.21,1940,6
1940-07-01,28.7,36.14,24.38,1940,7
1940-08-01,39.49,33.58,22.07,1940,8
1940-09-01,12.4,32.38,18.98,1940,9
1940-10-01,3.55,30.26,14.45,1940,10
1940-11-01,4.02,24.95,8.69,1940,11
1940-12-01,8.58,18.6,3.55,1940,12
1941-01-01,17.73,16.2,1.81,1941,1
1941-02-01,13.74,20.06,6.07,1941,2
1941-03-01,23.33,25.82,11.58,1941,3
1941-04-01,26.9,31.26,16.68,1941,4
1941-05-01,9.93,35.79,20.72,1941,5
1941-06-01,9.48,37.22,23.1,1941,6
1941-07-01,48.6,35.72,23.79,1941,7
1941-08-01,27.94,35.11,23.43,1941,8
1941-09-01,20.76,32.73,19.04,1941,9
1941-10-01,2.83,31.98,15.86,1941,10
1941-11-01,3.75,24.4,8.24,1941,11
1941-12-01,15.6,19.33,4.4,1941,12
1942-01-01,43.06,16.0,1.72,1942,1
1942-02-01,41.17,18.18,4.47,1942,2
1942-03-01,20.08,25.18,10.95,1942,3
1942-04-01,18.05,30.99,16.29,1942,4
1942-05-01,29.43,34.78,19.86,1942,5
1942-06-01,27.95,37.03,23.27,1942,6
1942-07-01,87.62,35.16,23.31,1942,7
1942-08-01,40.51,33.61,22.01,1942,8
1942-09-01,21.17,32.35,18.68,1942,9
1942-10-01,4.55,29.82,13.75,1942,10
1942-11-01,4.71,25.15,9.12,1942,11
1942-12-01,21.64,17.35,2.4,1942,12
1943-01-01,44.85,15.67,1.38,1943,1
1943-02-01,8.92,18.72,4.87,1943,2
1943-03-01,25.43,23.99,10.09,1943,3
1943-04-01,27.22,28.72,14.07,1943,4
1943-05-01,20.39,34.02,19.28,1943,5
1943-06-01,10.3,36.47,22.51,1943,6
1943-07-01,46.85,35.33,23.33,1943,7
1943-08-01,36.78,34.03,22.46,1943,8
1943-09-01,16.85,33.03,19.51,1943,9
1943-10-01,3.92,29.37,13.31,1943,10
1943-11-01,3.08,24.16,8.13,1943,11
1943-12-01,6.32,19.96,5.08,1943,12
1944-01-01,37.63,16.47,2.08,1944,1
1944-02-01,49.82,17.9,3.73,1944,2
1944-03-01,31.76,24.12,9.6,1944,3
1944-04-01,26.75,29.39,14.75,1944,4
1944-05-01,9.1,35.16,20.14,1944,5
1944-06-01,10.47,37.02,23.09,1944,6
1944-07-01,84.84,35.97,23.87,1944,7
1944-08-01,111.2,33.97,22.3,1944,8
1944-09-01,16.76,32.05,18.4,1944,9
1944-10-01,4.76,29.06,13.05,1944,10
1944-11-01,7.95,24.2,8.2,1944,11
1944-12-01,25.14,17.4,2.58,1944,12
1945-01-01,32.51,14.65,0.31,1945,1
1945-02-01,13.61,17.37,3.42,1945,2
1945-03-01,24.81,23.9,9.82,1945,3
1945-04-01,26.41,28.39,13.74,1945,4
1945-05-01,12.11,33.94,19.04,1945,5
1945-06-01,22.97,36.87,22.95,1945,6
1945-07-01,89.45,35.06,23.18,1945,7
1945-08-01,40.41,34.39,22.7,1945,8
1945-09-01,23.37,32.95,19.29,1945,9
1945-10-01,4.95,29.57,13.07,1945,10
1945-11-01,5.33,23.96,7.95,1945,11
1945-12-01,11.6,17.42,2.27,1945,12
1946-01-01,15.07,16.66,2.17,1946,1
1946-02-01,23.16,19.9,5.76,1946,2
1946-03-01,16.43,23.59,9.41,1946,3
1946-04-01,8.43,32.54,17.62,1946,4
1946-05-01,7.04,35.85,20.67,1946,5
1946-06-01,12.47,37.43,23.47,1946,6
1946-07-01,34.33,35.81,23.94,1946,7
1946-08-01,65.52,34.29,22.66,1946,8
1946-09-01,7.86,32.93,19.17,1946,9
1946-10-01,7.33,30.98,14.69,1946,10
1946-11-01,5.46,22.66,6.3,1946,11
1946-12-01,12.24,16.56,1.41,1946,12
1947-01-01,26.06,16.16,1.57,1947,1
1947-02-01,25.98,18.69,4.58,1947,2
1947-03-01,19.64,25.11,10.59,1947,3
1947-04-01,6.75,30.9,15.94,1947,4
1947-05-01,15.44,35.32,20.33,1947,5
1947-06-01,10.18,37.51,23.57,1947,6
1947-07-01,32.52,35.98,24.06,1947,7
1947-08-01,45.25,35.28,23.53,1947,8
1947-09-01,20.92,33.29,19.6,1947,9
1947-10-01,3.49,29.07,13.0,1947,10
1947-11-01,5.45,25.77,9.32,1947,11
1947-12-01,14.27,18.52,3.15,1947,12
1948-01-01,11.03,16.94,1.96,1948,1
1948-02-01,39.09,18.26,3.96,1948,2
1948-03-01,43.15,23.47,9.34,1948,3
1948-04-01,22.16,30.56,16.13,1948,4
1948-05-01,8.66,35.9,20.94,1948,5
1948-06-01,19.1,36.53,22.59,1948,6
1948-07-01,72.08,35.93,24.04,1948,7
1948-08-01,43.02,33.86,22.4,1948,8
1948-09-01,11.24,33.14,19.53,1948,9
1948-10-01,2.36,30.28,13.94,1948,10
1948-11-01,3.25,22.86,6.4,1948,11
1948-12-01,24.85,18.41,3.47,1948,12
1949-01-01,11.79,16.78,2.3,1949,1
1949-02-01,18.11,18.12,4.01,1949,2
1949-03-01,33.42,24.02,9.96,1949,3
1949-04-01,10.8,30.8,16.21,1949,4
1949-05-01,8.31,36.15,21.22,1949,5
1949-06-01,17.81,35.6,21.86,1949,6
1949-07-01,51.41,35.7,23.8,1949,7
1949-08-01,58.78,33.73,22.29,1949,8
1949-09-01,16.23,33.89,20.19,1949,9
1949-10-01,2.2,28.56,12.48,1949,10
1949-11-01,2.13,22.0,5.69,1949,11
1949-12-01,7.31,17.98,2.75,1949,12
1950-01-01,52.83,16.37,2.02,1950,1
1950-02-01,19.3,15.77,1.53,1950,2
1950-03-01,28.1,22.55,8.37,1950,3
1950-04-01,22.89,27.81,13.14,1950,4
1950-05-01,12.1,34.61,19.53,1950,5
1950-06-01,6.42,36.9,22.92,1950,6
1950-07-01,65.66,35.38,23.54,1950,7
1950-08-01,48.11,33.85,22.25,1950,8
1950-09-01,28.2,31.85,18.17,1950,9
1950-10-01,2.18,29.23,12.94,1950,10
1950-11-01,2.99,22.27,6.07,1950,11
1950-12-01,1.28,15.99,0.66,1950,12
1951-01-01,15.18,16.19,1.58,1951,1
1951-02-01,22.9,17.46,3.3,1951,2
1951-03-01,40.27,23.01,9.03,1951,3
1951-04-01,22.92,27.57,12.9,1951,4
1951-05-01,23.34,33.88,19.0,1951,5
1951-06-01,9.93,35.96,22.02,1951,6
1951-07-01,24.81,35.74,23.92,1951,7
1951-08-01,45.02,34.18,22.24,1951,8
1951-09-01,4.14,33.58,19.89,1951,9
1951-10-01,5.05,31.77,16.17,1951,10
1951-11-01,9.06,24.86,8.38,1951,11
1951-12-01,5.64,19.63,4.42,1951,12
1952-01-01,19.56,16.71,2.45,1952,1
1952-02-01,24.47,19.86,5.78,1952,2
1952-03-01,21.39,23.6,9.38,1952,3
1952-04-01,13.78,30.94,16.29,1952,4
1952-05-01,7.4,34.9,19.85,1952,5
1952-06-01,12.91,37.11,23.01,1952,6
1952-07-01,55.22,35.32,23.36,1952,7
1952-08-01,26.97,33.57,21.94,1952,8
1952-09-01,6.23,32.44,18.7,1952,9
1952-10-01,1.1,29.58,12.68,1952,10
1952-11-01,2.18,23.68,7.29,1952,11
1952-12-01,15.45,18.27,2.93,1952,12
1953-01-01,23.03,16.56,1.53,1953,1
1953-02-01,21.62,20.48,6.2,1953,2
1953-03-01,17.41,25.96,12.07,1953,3
1953-04-01,17.51,30.1,15.37,1953,4
1953-05-01,15.35,34.39,19.79,1953,5
1953-06-01,22.14,37.01,23.06,1953,6
1953-07-01,45.24,36.11,23.94,1953,7
1953-08-01,79.83,34.1,22.31,1953,8
1953-09-01,18.72,32.72,18.89,1953,9
1953-10-01,7.22,29.32,13.03,1953,10
1953-11-01,4.3,24.01,7.94,1953,11
1953-12-01,13.79,20.48,5.8,1953,12
1954-01-01,42.97,16.02,1.5,1954,1
1954-02-01,58.29,18.32,4.54,1954,2
1954-03-01,20.27,24.11,9.96,1954,3
1954-04-01,17.15,29.92,15.16,1954,4
1954-05-01,9.53,35.35,20.09,1954,5
1954-06-01,10.31,37.02,23.15,1954,6
1954-07-01,31.22,35.32,23.71,1954,7
1954-08-01,24.34,34.54,23.07,1954,8
1954-09-01,43.0,33.06,19.49,1954,9
1954-10-01,6.72,28.06,11.9,1954,10
1954-11-01,4.1,23.89,7.98,1954,11
1954-12-01,3.54,18.41,2.8,1954,12
1955-01-01,28.09,16.18,1.89,1955,1
1955-02-01,8.12,19.78,5.01,1955,2
1955-03-01,40.98,25.33,11.67,1955,3
1955-04-01,7.6,28.22,13.39,1955,4
1955-05-01,24.99,32.52,17.91,1955,5
1955-06-01,7.31,36.5,22.88,1955,6
1955-07-01,27.24,35.65,23.6,1955,7
1955-08-01,76.58,33.86,22.43,1955,8
1955-09-01,35.39,32.88,19.45,1955,9
1955-10-01,6.14,28.86,12.87,1955,10
1955-11-01,1.15,23.85,7.09,1955,11
1955-12-01,16.77,19.0,4.12,1955,12
1956-01-01,32.64,15.88,1.78,1956,1
1956-02-01,16.23,19.1,4.5,1956,2
1956-03-01,51.52,23.59,9.98,1956,3
1956-04-01,30.27,29.81,15.24,1956,4
1956-05-01,1.95,36.32,21.0,1956,5
1956-06-01,34.91,36.31,22.54,1956,6
1956-07-01,115.09,33.78,22.08,1956,7
1956-08-01,71.67,32.86,21.58,1956,8
1956-09-01,10.9,33.07,19.84,1956,9
1956-10-01,17.82,28.73,12.69,1956,10
1956-11-01,1.62,23.58,6.59,1956,11
1956-12-01,13.46,18.22,3.49,1956,12
1957-01-01,56.09,14.82,1.67,1957,1
1957-02-01,12.57,17.03,3.23,1957,2
1957-03-01,32.19,22.88,8.96,1957,3
1957-04-01,44.68,27.14,13.17,1957,4
1957-05-01,23.41,31.73,17.28,1957,5
1957-06-01,16.62,35.78,22.13,1957,6
1957-07-01,25.98,35.5,23.8,1957,7
1957-08-01,41.49,33.91,22.4,1957,8
1957-09-01,8.2,31.93,18.26,1957,9
1957-10-01,11.47,29.09,13.25,1957,10
1957-11-01,20.88,23.79,8.19,1957,11
1957-12-01,31.83,18.3,3.73,1957,12
1958-01-01,24.27,18.04,3.96,1958,1
1958-02-01,9.18,19.18,4.46,1958,2
1958-03-01,14.2,25.23,10.73,1958,3
1958-04-01,12.69,31.47,16.94,1958,4
1958-05-01,11.89,33.91,19.13,1958,5
1958-06-01,11.11,37.28,23.11,1958,6
1958-07-01,59.07,35.69,24.06,1958,7
1958-08-01,23.54,34.48,22.96,1958,8
1958-09-01,31.43,32.79,19.44,1958,9
1958-10-01,3.76,29.52,13.48,1958,10
1958-11-01,7.3,23.5,7.57,1958,11
1958-12-01,52.7,19.23,5.01,1958,12
1959-01-01,33.16,16.05,1.73,1959,1
1959-02-01,31.47,17.39,3.75,1959,2
1959-03-01,22.55,25.14,10.83,1959,3
1959-04-01,21.95,30.51,15.53,1959,4
1959-05-01,29.96,33.89,19.33,1959,5
1959-06-01,6.62,37.15,23.32,1959,6
1959-07-01,109.81,34.65,22.97,1959,7
1959-08-01,45.01,34.37,22.96,1959,8
1959-09-01,32.59,33.55,19.98,1959,9
1959-10-01,7.32,30.95,14.83,1959,10
1959-11-01,21.56,23.12,7.44,1959,11
1959-12-01,16.67,17.88,2.95,1959,12
1960-01-01,11.99,16.52,1.68,1960,1
1960-02-01,13.57,21.16,6.24,1960,2
1960-03-01,39.76,22.19,8.37,1960,3
1960-04-01,27.78,27.77,13.58,1960,4
1960-05-01,12.89,33.78,18.86,1960,5
1960-06-01,8.68,37.25,23.17,1960,6
1960-07-01,58.18,35.24,23.51,1960,7
1960-08-01,34.22,34.76,22.96,1960,8
1960-09-01,15.73,33.21,19.85,1960,9
1960-10-01,0.99,29.66,13.33,1960,10
1960-11-01,4.88,23.35,7.22,1960,11
1960-12-01,25.99,18.08,2.51,1960,12
1961-01-01,30.1,16.76,2.5,1961,1
1961-02-01,28.76,16.73,2.74,1961,2
1961-03-01,14.27,24.71,10.42,1961,3
1961-04-01,34.94,28.29,13.73,1961,4
1961-05-01,13.96,34.64,19.45,1961,5
1961-06-01,22.21,36.42,22.46,1961,6
1961-07-01,92.07,35.42,23.6,1961,7
1961-08-01,45.93,34.33,22.7,1961,8
1961-09-01,38.24,33.72,20.36,1961,9
1961-10-01,8.36,28.99,12.75,1961,10
1961-11-01,8.69,22.63,6.28,1961,11
1961-12-01,11.52,17.98,2.52,1961,12
1962-01-01,6.66,16.06,0.99,1962,1
1962-02-01,16.26,20.14,5.42,1962,2
1962-03-01,24.2,24.54,9.83,1962,3
1962-04-01,19.99,30.16,15.45,1962,4
1962-05-01,13.64,34.21,19.26,1962,5
1962-06-01,10.42,36.75,22.43,1962,6
1962-07-01,43.61,35.51,23.8,1962,7
1962-08-01,45.44,34.18,22.69,1962,8
1962-09-01,41.47,31.47,18.24,1962,9
1962-10-01,3.53,28.85,12.67,1962,10
1962-11-01,9.5,22.7,6.56,1962,11
1962-12-01,22.51,17.9,2.37,1962,12
1963-01-01,1.33,17.57,1.76,1963,1
1963-02-01,14.07,21.04,6.77,1963,2
1963-03-01,35.54,24.26,9.86,1963,3
1963-04-01,29.29,29.28,14.89,1963,4
1963-05-01,32.79,32.76,18.32,1963,5
1963-06-01,5.19,37.33,23.49,1963,6
1963-07-01,20.81,36.16,24.38,1963,7
1963-08-01,27.38,34.31,22.99,1963,8
1963-09-01,12.61,32.7,19.09,1963,9
1963-10-01,3.6,30.79,14.91,1963,10
1963-11-01,14.33,24.39,8.87,1963,11
1963-12-01,11.67,18.78,3.54,1963,12
1964-01-01,34.65,13.43,-0.39,1964,1
1964-02-01,18.04,18.29,4.63,1964,2
1964-03-01,18.13,25.61,11.39,1964,3
1964-04-01,20.02,30.04,15.9,1964,4
1964-05-01,10.37,34.05,19.01,1964,5
1964-06-01,17.98,36.01,22.14,1964,6
1964-07-01,76.77,34.8,23.29,1964,7
1964-08-01,52.71,34.73,23.07,1964,8
1964-09-01,15.73,32.27,19.03,1964,9
1964-10-01,1.74,28.38,11.93,1964,10
1964-11-01,1.38,22.78,5.99,1964,11
1964-12-01,12.59,16.68,1.68,1964,12
1965-01-01,23.99,18.06,4.19,1965,1
1965-02-01,21.16,18.6,4.74,1965,2
1965-03-01,18.85,23.65,9.36,1965,3
1965-04-01,52.45,26.75,12.5,1965,4
1965-05-01,23.5,32.99,17.98,1965,5
1965-06-01,5.09,36.63,22.61,1965,6
1965-07-01,61.6,35.02,23.4,1965,7
1965-08-01,32.76,33.41,21.75,1965,8
1965-09-01,5.05,32.55,18.79,1965,9
1965-10-01,6.78,30.84,15.05,1965,10
1965-11-01,10.33,24.91,8.95,1965,11
1965-12-01,10.55,17.9,2.11,1965,12
1966-01-01,1.56,18.58,3.23,1966,1
1966-02-01,39.37,20.8,7.2,1966,2
1966-03-01,33.99,23.54,9.53,1966,3
1966-04-01,29.12,28.49,14.03,1966,4
1966-05-01,12.35,34.0,19.0,1966,5
1966-06-01,12.54,36.77,22.76,1966,6
1966-07-01,45.36,35.23,23.39,1966,7
1966-08-01,34.17,33.93,22.43,1966,8
1966-09-01,21.71,32.07,18.77,1966,9
1966-10-01,13.46,29.65,14.12,1966,10
1966-11-01,0.63,22.37,5.65,1966,11
1966-12-01,3.27,17.67,2.07,1966,12
1967-01-01,4.04,15.38,0.22,1967,1
1967-02-01,25.66,19.99,6.15,1967,2
1967-03-01,54.5,23.09,8.98,1967,3
1967-04-01,21.98,28.46,13.94,1967,4
1967-05-01,21.88,33.13,18.34,1967,5
1967-06-01,8.54,36.54,22.62,1967,6
1967-07-01,65.1,35.69,23.92,1967,7
1967-08-01,70.76,33.72,22.12,1967,8
1967-09-01,16.95,32.79,19.54,1967,9
1967-10-01,10.01,29.26,13.4,1967,10
1967-11-01,6.66,24.24,8.58,1967,11
1967-12-01,47.0,17.79,2.8,1967,12
1968-01-01,24.91,15.58,1.13,1968,1
1968-02-01,26.11,16.37,2.54,1968,2
1968-03-01,19.12,24.05,10.03,1968,3
1968-04-01,14.89,29.26,14.91,1968,4
1968-05-01,18.29,32.18,17.64,1968,5
1968-06-01,7.29,36.96,23.14,1968,6
1968-07-01,28.45,35.53,23.52,1968,7
1968-08-01,34.37,34.24,22.37,1968,8
1968-09-01,1.53,33.12,19.16,1968,9
1968-10-01,7.2,29.27,13.37,1968,10
1968-11-01,5.72,24.16,8.08,1968,11
1968-12-01,13.74,18.17,3.83,1968,12
1969-01-01,12.08,16.14,2.14,1969,1
1969-02-01,21.02,17.57,3.96,1969,2
1969-03-01,17.92,26.55,12.58,1969,3
1969-04-01,26.9,29.71,15.53,1969,4
1969-05-01,17.86,33.36,18.49,1969,5
1969-06-01,10.5,37.11,23.07,1969,6
1969-07-01,54.0,35.94,24.15,1969,7
1969-08-01,19.04,34.21,22.59,1969,8
1969-09-01,11.63,32.61,18.98,1969,9
1969-10-01,10.05,30.49,14.67,1969,10
1969-11-01,2.89,24.25,8.4,1969,11
1969-12-01,1.9,19.93,4.47,1969,12
1970-01-01,29.21,16.75,2.64,1970,1
1970-02-01,24.7,19.22,4.86,1970,2
1970-03-01,30.44,23.19,9.19,1970,3
1970-04-01,13.5,31.11,16.28,1970,4
1970-05-01,8.5,35.59,20.28,1970,5
1970-06-01,15.38,36.92,22.9,1970,6
1970-07-01,45.54,35.52,23.64,1970,7
1970-08-01,78.56,35.11,23.43,1970,8
1970-09-01,40.34,32.83,19.45,1970,9
1970-10-01,6.16,30.49,14.36,1970,10
1970-11-01,0.57,24.12,6.97,1970,11
1970-12-01,4.18,18.82,3.41,1970,12
1971-01-01,6.31,15.68,0.84,1971,1
1971-02-01,18.16,18.99,4.67,1971,2
1971-03-01,10.01,24.93,10.11,1971,3
1971-04-01,13.37,31.41,16.61,1971,4
1971-05-01,10.65,34.94,19.9,1971,5
1971-06-01,19.13,36.68,22.76,1971,6
1971-07-01,43.8,34.76,22.93,1971,7
1971-08-01,39.79,33.94,22.31,1971,8
1971-09-01,20.5,32.1,18.39,1971,9
1971-10-01,1.39,29.11,12.46,1971,10
1971-11-01,2.19,24.39,8.04,1971,11
1971-12-01,6.38,19.45,3.89,1971,12
1972-01-01,32.72,16.22,2.01,1972,1
1972-02-01,17.18,15.24,1.11,1972,2
1972-03-01,33.02,23.78,9.78,1972,3
1972-04-01,19.94,28.77,13.96,1972,4
1972-05-01,20.08,34.22,19.25,1972,5
1972-06-01,22.97,37.2,22.93,1972,6
1972-07-01,35.94,35.15,23.13,1972,7
1972-08-01,28.73,33.42,21.85,1972,8
1972-09-01,14.94,32.15,18.26,1972,9
1972-10-01,4.28,29.3,12.78,1972,10
1972-11-01,6.47,24.77,8.26,1972,11
1972-12-01,22.89,17.9,3.12,1972,12
1973-01-01,23.02,14.97,0.43,1973,1
1973-02-01,18.48,19.85,5.27,1973,2
1973-03-01,28.73,23.85,9.59,1973,3
1973-04-01,15.48,30.9,15.92,1973,4
1973-05-01,18.46,35.33,20.17,1973,5
1973-06-01,6.35,37.96,23.94,1973,6
1973-07-01,85.63,35.22,23.39,1973,7
1973-08-01,61.98,34.02,22.37,1973,8
1973-09-01,18.85,33.07,19.5,1973,9
1973-10-01,2.59,29.52,12.83,1973,10
1973-11-01,0.65,24.13,6.94,1973,11
1973-12-01,13.78,17.89,2.23,1973,12
1974-01-01,16.83,15.77,1.6,1974,1
1974-02-01,29.39,15.81,2.26,1974,2
1974-03-01,10.59,25.65,11.38,1974,3
1974-04-01,13.38,31.0,16.23,1974,4
1974-05-01,14.1,34.19,19.3,1974,5
1974-06-01,19.56,36.02,22.17,1974,6
1974-07-01,38.33,35.62,23.81,1974,7
1974-08-01,23.42,34.51,22.81,1974,8
1974-09-01,10.55,33.25,19.7,1974,9
1974-10-01,1.59,28.63,11.95,1974,10
1974-11-01,1.0,23.66,6.76,1974,11
1974-12-01,15.03,17.11,2.53,1974,12
1975-01-01,25.66,15.37,0.85,1975,1
1975-02-01,24.32,17.37,3.39,1975,2
1975-03-01,27.15,22.78,8.56,1975,3
1975-04-01,20.14,29.2,14.66,1975,4
1975-05-01,17.55,34.51,19.51,1975,5
1975-06-01,23.31,35.99,22.08,1975,6
1975-07-01,58.93,34.87,22.84,1975,7
1975-08-01,96.64,33.94,22.44,1975,8
1975-09-01,37.68,32.43,19.17,1975,9
1975-10-01,3.84,29.69,13.32,1975,10
1975-11-01,2.77,22.77,6.29,1975,11
1975-12-01,7.83,18.69,3.38,1975,12
1976-01-01,22.95,17.4,2.84,1976,1
1976-02-01,41.77,17.77,4.39,1976,2
1976-03-01,46.55,22.25,8.66,1976,3
1976-04-01,20.99,28.76,14.19,1976,4
1976-05-01,8.01,34.5,19.28,1976,5
1976-06-01,19.47,35.93,21.81,1976,6
1976-07-01,69.79,35.74,23.51,1976,7
1976-08-01,88.33,33.61,21.65,1976,8
1976-09-01,44.8,32.69,19.14,1976,9
1976-10-01,6.15,30.28,14.72,1976,10
1976-11-01,1.26,23.45,7.25,1976,11
1976-12-01,3.54,18.35,3.14,1976,12
1977-01-01,40.52,14.98,1.39,1977,1
1977-02-01,3.71,19.26,4.31,1977,2
1977-03-01,4.94,26.94,11.55,1977,3
1977-04-01,23.7,30.52,15.39,1977,4
1977-05-01,13.56,33.96,18.81,1977,5
1977-06-01,30.08,36.69,22.56,1977,6
1977-07-01,73.63,35.4,23.57,1977,7
1977-08-01,36.65,34.1,22.46,1977,8
1977-09-01,28.31,32.42,18.68,1977,9
1977-10-01,6.81,30.9,15.16,1977,10
1977-11-01,9.82,25.41,9.63,1977,11
1977-12-01,10.76,19.78,4.75,1977,12
1978-01-01,18.25,16.11,1.25,1978,1
1978-02-01,15.36,18.24,4.11,1978,2
1978-03-01,39.62,22.6,8.24,1978,3
1978-04-01,14.8,30.57,15.51,1978,4
1978-05-01,8.11,36.02,20.78,1978,5
1978-06-01,18.91,37.61,23.5,1978,6
1978-07-01,145.95,34.38,22.54,1978,7
1978-08-01,57.25,34.11,22.46,1978,8
1978-09-01,13.42,32.82,19.07,1978,9
1978-10-01,1.48,29.9,13.61,1978,10
1978-11-01,17.82,23.8,8.26,1978,11
1978-12-01,4.04,19.65,4.25,1978,12
1979-01-01,27.75,17.05,2.66,1979,1
1979-02-01,38.94,18.31,4.14,1979,2
1979-03-01,41.53,21.89,8.12,1979,3
1979-04-01,25.08,30.79,16.19,1979,4
1979-05-01,18.66,32.23,17.72,1979,5
1979-06-01,11.67,37.27,23.29,1979,6
1979-07-01,23.84,36.1,24.06,1979,7
1979-08-01,67.13,33.58,22.2,1979,8
1979-09-01,15.61,32.44,18.71,1979,9
1979-10-01,4.55,30.21,13.93,1979,10
1979-11-01,10.09,23.98,7.76,1979,11
1979-12-01,22.9,19.08,4.33,1979,12
1980-01-01,17.25,16.55,2.34,1980,1
1980-02-01,25.36,19.05,5.45,1980,2
1980-03-01,39.1,22.93,9.18,1980,3
1980-04-01,8.31,31.69,16.89,1980,4
1980-05-01,11.72,35.11,20.14,1980,5
1980-06-01,27.77,37.06,23.09,1980,6
1980-07-01,57.87,35.59,23.61,1980,7
1980-08-01,34.33,34.49,22.77,1980,8
1980-09-01,17.48,32.91,19.12,1980,9
1980-10-01,10.06,30.37,14.55,1980,10
1980-11-01,10.57,24.28,8.21,1980,11
1980-12-01,14.95,19.04,4.02,1980,12
1981-01-01,27.23,17.2,2.84,1981,1
1981-02-01,28.09,19.49,5.26,1981,2
1981-03-01,58.12,23.93,9.74,1981,3
1981-04-01,23.76,31.03,15.9,1981,4
1981-05-01,16.24,35.08,19.89,1981,5
1981-06-01,8.68,37.09,23.01,1981,6
1981-07-01,81.04,35.03,23.54,1981,7
1981-08-01,38.03,34.05,22.37,1981,8
1981-09-01,6.01,33.32,19.16,1981,9
1981-10-01,8.0,29.1,12.89,1981,10
1981-11-01,5.69,23.71,6.93,1981,11
1981-12-01,3.51,19.43,3.89,1981,12
1982-01-01,25.48,16.83,2.52,1982,1
1982-02-01,39.05,16.58,3.03,1982,2
1982-03-01,62.22,21.45,7.66,1982,3
1982-04-01,23.8,29.28,14.36,1982,4
1982-05-01,26.43,32.88,17.82,1982,5
1982-06-01,6.13,36.84,22.56,1982,6
1982-07-01,29.9,36.03,23.82,1982,7
1982-08-01,58.05,34.19,22.65,1982,8
1982-09-01,5.2,32.62,18.77,1982,9
1982-10-01,15.8,30.13,14.39,1982,10
1982-11-01,22.24,23.58,8.12,1982,11
1982-12-01,25.79,18.02,3.25,1982,12
1983-01-01,17.13,16.62,1.95,1983,1
1983-02-01,24.43,18.0,3.43,1983,2
1983-03-01,33.96,22.1,7.93,1983,3
1983-04-01,49.08,27.1,12.46,1983,4
1983-05-01,23.58,34.21,18.93,1983,5
1983-06-01,13.04,36.79,22.55,1983,6
1983-07-01,57.18,35.58,23.58,1983,7
1983-08-01,102.35,34.48,22.93,1983,8
1983-09-01,15.82,33.89,20.25,1983,9
1983-10-01,5.44,29.5,12.79,1983,10
1983-11-01,0.95,24.52,7.17,1983,11
1983-12-01,8.67,18.36,3.07,1983,12
1984-01-01,7.69,15.94,1.47,1984,1
1984-02-01,15.33,16.03,2.07,1984,2
1984-03-01,23.89,25.92,11.58,1984,3
1984-04-01,19.67,30.52,15.71,1984,4
1984-05-01,12.76,35.68,20.61,1984,5
1984-06-01,10.87,37.76,23.65,1984,6
1984-07-01,49.42,35.05,23.14,1984,7
1984-08-01,76.67,34.49,22.62,1984,8
1984-09-01,28.8,31.91,18.36,1984,9
1984-10-01,1.4,28.51,11.98,1984,10
1984-11-01,6.41,24.08,8.07,1984,11
1984-12-01,12.29,17.8,3.33,1984,12
1985-01-01,14.5,16.56,2.5,1985,1
1985-02-01,4.71,20.07,5.55,1985,2
1985-03-01,11.17,25.54,11.46,1985,3
1985-04-01,31.69,29.91,15.23,1985,4
1985-05-01,12.45,34.54,19.8,1985,5
1985-06-01,7.43,36.9,23.0,1985,6
1985-07-01,57.36,35.07,23.47,1985,7
1985-08-01,52.86,33.48,22.34,1985,8
1985-09-01,4.65,32.67,19.0,1985,9
1985-10-01,7.36,28.72,13.1,1985,10
1985-11-01,1.66,24.25,8.14,1985,11
1985-12-01,31.79,18.5,4.04,1985,12
1986-01-01,5.08,16.02,1.29,1986,1
1986-02-01,32.66,17.75,4.02,1986,2
1986-03-01,37.14,22.55,8.92,1986,3
1986-04-01,20.22,29.7,15.3,1986,4
1986-05-01,14.49,34.02,19.32,1986,5
1986-06-01,23.53,36.6,23.23,1986,6
1986-07-01,45.06,34.58,23.1,1986,7
1986-08-01,96.69,33.15,21.89,1986,8
1986-09-01,9.23,32.29,18.71,1986,9
1986-10-01,3.82,30.16,14.35,1986,10
1986-11-01,23.34,24.12,8.6,1986,11
1986-12-01,17.09,16.82,2.42,1986,12
1987-01-01,6.69,17.63,2.62,1987,1
1987-02-01,26.01,19.64,5.41,1987,2
1987-03-01,46.65,24.08,10.55,1987,3
1987-04-01,17.92,29.91,15.5,1987,4
1987-05-01,27.32,32.32,17.79,1987,5
1987-06-01,25.64,36.21,22.64,1987,6
1987-07-01,19.73,35.6,24.07,1987,7
1987-08-01,23.46,35.32,23.69,1987,8
1987-09-01,3.87,34.02,20.71,1987,9
1987-10-01,17.25,29.43,14.14,1987,10
1987-11-01,0.41,24.86,8.41,1987,11
1987-12-01,4.31,19.24,3.86,1987,12
1988-01-01,17.3,17.91,3.72,1988,1
1988-02-01,14.8,19.84,6.08,1988,2
1988-03-01,45.06,23.67,10.04,1988,3
1988-04-01,7.69,31.35,16.73,1988,4
1988-05-01,3.36,36.28,21.37,1988,5
1988-06-01,16.93,37.26,23.42,1988,6
1988-07-01,100.89,35.42,23.88,1988,7
1988-08-01,56.2,34.05,22.76,1988,8
1988-09-01,24.43,33.35,20.01,1988,9
1988-10-01,3.79,29.73,13.79,1988,10
1988-11-01,0.75,24.62,8.11,1988,11
1988-12-01,17.21,19.65,4.75,1988,12
1989-01-01,15.21,15.66,1.04,1989,1
1989-02-01,11.14,17.31,3.38,1989,2
1989-03-01,36.98,23.13,9.19,1989,3
1989-04-01,8.78,28.53,13.89,1989,4
1989-05-01,16.55,33.48,18.62,1989,5
1989-06-01,15.33,36.1,22.47,1989,6
1989-07-01,107.0,34.73,23.32,1989,7
1989-08-01,45.71,33.62,22.07,1989,8
1989-09-01,12.02,32.88,19.14,1989,9
1989-10-01,2.38,30.03,13.85,1989,10
1989-11-01,8.95,24.56,8.76,1989,11
1989-12-01,23.1,18.86,4.36,1989,12
1990-01-01,34.16,18.15,4.43,1990,1
1990-02-01,49.06,18.41,5.05,1990,2
1990-03-01,28.84,22.99,8.77,1990,3
1990-04-01,15.71,29.67,15.35,1990,4
1990-05-01,11.92,35.53,20.9,1990,5
1990-06-01,9.76,37.02,23.18,1990,6
1990-07-01,26.38,35.41,23.65,1990,7
1990-08-01,83.3,34.37,22.85,1990,8
1990-09-01,38.13,33.46,19.91,1990,9
1990-10-01,4.41,29.17,13.19,1990,10
1990-11-01,4.43,24.82,8.32,1990,11
1990-12-01,30.64,18.55,3.72,1990,12
1991-01-01,18.47,16.32,2.37,1991,1
1991-02-01,38.22,17.59,4.15,1991,2
1991-03-01,35.07,23.4,9.95,1991,3
1991-04-01,31.19,28.87,14.55,1991,4
1991-05-01,26.88,33.57,19.11,1991,5
1991-06-01,10.22,36.79,23.15,1991,6
1991-07-01,19.45,36.11,24.31,1991,7
1991-08-01,19.72,34.3,22.67,1991,8
1991-09-01,25.44,32.75,19.4,1991,9
1991-10-01,2.75,28.98,13.06,1991,10
1991-11-01,4.55,24.12,8.04,1991,11
1991-12-01,10.24,19.33,5.28,1991,12
1992-01-01,44.28,16.52,2.85,1992,1
1992-02-01,27.93,18.3,4.34,1992,2
1992-03-01,31.78,22.41,9.05,1992,3
1992-04-01,37.89,28.06,13.91,1992,4
1992-05-01,21.09,33.28,18.78,1992,5
1992-06-01,5.42,37.36,23.54,1992,6
1992-07-01,43.58,35.13,23.4,1992,7
1992-08-01,63.72,33.38,22.15,1992,8
1992-09-01,31.03,31.66,18.36,1992,9
1992-10-01,8.9,29.32,13.68,1992,10
1992-11-01,7.04,24.39,8.23,1992,11
1992-12-01,12.82,20.17,5.66,1992,12
1993-01-01,26.4,16.17,2.25,1993,1
1993-02-01,12.43,20.73,7.2,1993,2
1993-03-01,26.42,22.65,9.04,1993,3
1993-04-01,16.5,30.03,15.43,1993,4
1993-05-01,11.13,35.28,20.76,1993,5
1993-06-01,19.32,36.91,23.14,1993,6
1993-07-01,71.28,34.95,23.42,1993,7
1993-08-01,10.77,34.53,22.96,1993,8
1993-09-01,16.2,33.24,19.89,1993,9
1993-10-01,2.25,29.52,13.49,1993,10
1993-11-01,9.07,24.97,9.28,1993,11
1993-12-01,1.08,19.87,4.64,1993,12
1994-01-01,15.9,17.39,3.33,1994,1
1994-02-01,23.49,18.35,4.58,1994,2
1994-03-01,19.56,25.65,11.73,1994,3
1994-04-01,23.04,28.68,14.31,1994,4
1994-05-01,17.97,34.98,20.38,1994,5
1994-06-01,20.88,37.37,23.59,1994,6
1994-07-01,101.37,34.66,23.16,1994,7
1994-08-01,73.95,34.05,22.67,1994,8
1994-09-01,41.61,31.27,18.03,1994,9
1994-10-01,9.69,28.8,13.22,1994,10
1994-11-01,1.62,25.46,9.56,1994,11
1994-12-01,23.16,18.56,3.95,1994,12
1995-01-01,10.76,16.47,2.18,1995,1
1995-02-01,25.9,19.15,5.31,1995,2
1995-03-01,23.72,22.45,8.82,1995,3
1995-04-01,38.92,28.17,13.89,1995,4
1995-05-01,11.61,34.39,19.75,1995,5
1995-06-01,14.02,37.55,23.85,1995,6
1995-07-01,99.7,35.27,23.77,1995,7
1995-08-01,55.22,34.17,22.86,1995,8
1995-09-01,17.93,32.84,19.5,1995,9
1995-10-01,11.13,30.36,14.83,1995,10
1995-11-01,5.05,24.31,7.76,1995,11
1995-12-01,18.34,18.09,4.01,1995,12
1996-01-01,26.45,16.12,2.14,1996,1
1996-02-01,36.32,19.54,5.8,1996,2
1996-03-01,38.93,24.59,11.53,1996,3
1996-04-01,21.05,30.0,15.7,1996,4
1996-05-01,30.9,33.23,18.79,1996,5
1996-06-01,44.31,36.04,22.58,1996,6
1996-07-01,32.63,35.13,23.53,1996,7
1996-08-01,53.71,33.49,22.17,1996,8
1996-09-01,12.49,33.26,19.94,1996,9
1996-10-01,11.16,29.18,13.26,1996,10
1996-11-01,3.63,23.19,6.88,1996,11
1996-12-01,5.35,18.68,2.71,1996,12
1997-01-01,17.95,16.56,1.89,1997,1
1997-02-01,5.54,19.28,4.79,1997,2
1997-03-01,35.58,23.33,9.8,1997,3
1997-04-01,35.19,28.08,13.78,1997,4
1997-05-01,16.83,32.31,17.74,1997,5
1997-06-01,32.81,35.25,21.75,1997,6
1997-07-01,56.24,35.82,23.98,1997,7
1997-08-01,80.35,33.81,22.2,1997,8
1997-09-01,10.99,33.13,19.73,1997,9
1997-10-01,21.82,28.17,12.87,1997,10
1997-11-01,6.52,23.72,8.2,1997,11
1997-12-01,12.71,17.4,3.18,1997,12
1998-01-01,29.16,16.67,2.77,1998,1
1998-02-01,32.1,18.6,5.06,1998,2
1998-03-01,28.4,23.22,9.78,1998,3
1998-04-01,27.18,30.92,16.59,1998,4
1998-05-01,19.42,34.9,20.47,1998,5
1998-06-01,22.3,36.27,22.86,1998,6
1998-07-01,51.17,35.57,24.08,1998,7
1998-08-01,28.41,34.73,23.64,1998,8
1998-09-01,22.02,33.26,20.03,1998,9
1998-10-01,5.66,30.4,14.76,1998,10
1998-11-01,0.27,24.59,8.11,1998,11
1998-12-01,1.47,20.12,4.4,1998,12
1999-01-01,27.19,16.62,2.46,1999,1
1999-02-01,30.78,19.65,6.03,1999,2
1999-03-01,19.6,24.46,10.67,1999,3
1999-04-01,15.54,31.48,16.72,1999,4
1999-05-01,10.82,34.99,20.41,1999,5
1999-06-01,7.78,36.94,23.25,1999,6
1999-07-01,30.78,35.56,24.22,1999,7
1999-08-01,33.42,34.24,22.75,1999,8
1999-09-01,22.62,34.01,20.74,1999,9
1999-10-01,5.54,30.75,14.99,1999,10
1999-11-01,11.58,25.44,9.77,1999,11
1999-12-01,0.55,19.81,4.06,1999,12
2000-01-01,19.7,17.17,3.11,2000,1
2000-02-01,14.04,18.19,3.99,2000,2
2000-03-01,9.02,24.03,9.78,2000,3
2000-04-01,3.89,32.34,17.59,2000,4
2000-05-01,7.76,36.82,22.14,2000,5
2000-06-01,17.68,36.63,23.02,2000,6
2000-07-01,59.4,34.87,23.3,2000,7
2000-08-01,32.29,34.33,22.77,2000,8
2000-09-01,21.37,33.05,19.67,2000,9
2000-10-01,3.22,30.84,14.84,2000,10
2000-11-01,4.91,24.39,8.57,2000,11
2000-12-01,5.94,19.73,4.76,2000,12
2001-01-01,4.52,16.68,1.87,2001,1
2001-02-01,13.08,19.73,5.47,2001,2
2001-03-01,14.34,25.05,10.62,2001,3
2001-04-01,18.71,30.94,16.17,2001,4
2001-05-01,9.85,36.63,21.77,2001,5
2001-06-01,42.57,36.58,22.94,2001,6
2001-07-01,65.41,35.01,23.64,2001,7
2001-08-01,26.38,34.34,22.94,2001,8
2001-09-01,12.01,32.95,19.74,2001,9
2001-10-01,2.42,30.97,14.97,2001,10
2001-11-01,10.57,25.09,9.05,2001,11
2001-12-01,8.4,20.54,5.9,2001,12
2002-01-01,7.01,17.23,2.87,2002,1
2002-02-01,23.08,18.87,4.82,2002,2
2002-03-01,20.49,25.57,11.29,2002,3
2002-04-01,17.82,31.43,16.9,2002,4
2002-05-01,10.0,36.3,21.57,2002,5
2002-06-01,23.57,37.39,23.81,2002,6
2002-07-01,14.3,35.8,24.28,2002,7
2002-08-01,34.71,34.74,23.41,2002,8
2002-09-01,22.9,32.43,19.2,2002,9
2002-10-01,2.35,30.88,14.93,2002,10
2002-11-01,10.73,24.81,9.02,2002,11
2002-12-01,13.47,19.19,4.71,2002,12
2003-01-01,12.07,17.29,3.11,2003,1
2003-02-01,48.13,19.46,5.98,2003,2
2003-03-01,27.0,24.3,10.52,2003,3
2003-04-01,18.52,30.93,16.52,2003,4
2003-05-01,18.16,33.77,19.33,2003,5
2003-06-01,12.8,37.43,23.81,2003,6
2003-07-01,109.34,34.99,23.45,2003,7
2003-08-01,63.57,34.14,22.82,2003,8
2003-09-01,24.44,32.75,19.64,2003,9
2003-10-01,3.43,30.03,14.12,2003,10
2003-11-01,8.14,23.55,7.67,2003,11
2003-12-01,7.01,18.86,4.19,2003,12
2004-01-01,36.82,17.49,3.7,2004,1
2004-02-01,12.87,20.73,6.41,2004,2
2004-03-01,5.07,27.37,12.92,2004,3
2004-04-01,21.85,32.0,17.51,2004,4
2004-05-01,13.2,35.25,20.56,2004,5
2004-06-01,17.95,36.75,22.86,2004,6
2004-07-01,23.07,35.75,24.27,2004,7
2004-08-01,52.68,34.35,22.75,2004,8
2004-09-01,14.84,33.36,19.95,2004,9
2004-10-01,10.1,28.77,13.08,2004,10
2004-11-01,4.17,25.22,9.49,2004,11
2004-12-01,22.87,19.62,5.16,2004,12
2005-01-01,32.62,16.0,1.99,2005,1
2005-02-01,53.31,17.3,4.03,2005,2
2005-03-01,39.95,24.71,10.95,2005,3
2005-04-01,18.63,29.73,15.11,2005,4
2005-05-01,24.72,33.11,18.77,2005,5
2005-06-01,7.34,37.2,23.78,2005,6
2005-07-01,53.84,35.36,23.87,2005,7
2005-08-01,28.22,34.43,23.13,2005,8
2005-09-01,30.41,33.61,20.31,2005,9
2005-10-01,4.49,30.27,14.57,2005,10
2005-11-01,7.21,24.48,8.6,2005,11
2005-12-01,4.5,18.53,3.56,2005,12
2006-01-01,22.91,16.43,2.39,2006,1
2006-02-01,13.13,22.14,8.53,2006,2
2006-03-01,24.86,24.82,10.82,2006,3
2006-04-01,29.62,27.74,13.19,2006,4
2006-05-01,8.38,37.22,22.55,2006,5
2006-06-01,16.73,36.45,22.72,2006,6
2006-07-01,53.65,36.16,24.63,2006,7
2006-08-01,80.6,33.86,22.56,2006,8
2006-09-01,29.83,33.16,19.92,2006,9
2006-10-01,9.2,31.86,15.8,2006,10
2006-11-01,17.46,25.06,9.58,2006,11
2006-12-01,37.64,18.37,3.76,2006,12
2007-01-01,3.25,17.39,2.85,2007,1
2007-02-01,43.03,20.31,6.54,2007,2
2007-03-01,55.9,23.85,9.98,2007,3
2007-04-01,9.12,32.8,18.47,2007,4
2007-05-01,9.87,35.27,20.63,2007,5
2007-06-01,33.33,36.75,23.04,2007,6
2007-07-01,59.52,35.51,24.01,2007,7
2007-08-01,44.0,34.64,23.29,2007,8
2007-09-01,27.95,33.37,20.04,2007,9
2007-10-01,0.63,29.4,13.37,2007,10
2007-11-01,2.21,25.81,9.53,2007,11
2007-12-01,8.78,18.4,3.73,2007,12
2008-01-01,38.97,14.46,0.94,2008,1
2008-02-01,11.43,17.88,3.67,2008,2
2008-03-01,3.04,27.57,13.08,2008,3
2008-04-01,32.47,30.51,15.84,2008,4
2008-05-01,15.34,35.46,20.66,2008,5
2008-06-01,23.35,37.14,23.54,2008,6
2008-07-01,47.98,35.75,24.25,2008,7
2008-08-01,88.83,33.8,22.36,2008,8
2008-09-01,18.34,33.13,19.94,2008,9
2008-10-01,5.27,31.54,15.69,2008,10
2008-11-01,4.52,24.63,8.59,2008,11
2008-12-01,25.63,19.87,5.14,2008,12
2009-01-01,35.22,17.84,3.9,2009,1
2009-02-01,28.37,21.24,7.19,2009,2
2009-03-01,25.01,25.98,11.99,2009,3
2009-04-01,30.01,30.15,15.75,2009,4
2009-05-01,10.42,36.18,21.33,2009,5
2009-06-01,17.32,36.44,23.04,2009,6
2009-07-01,49.67,36.24,24.45,2009,7
2009-08-01,30.02,35.67,24.11,2009,8
2009-09-01,15.55,34.03,20.57,2009,9
2009-10-01,3.69,30.31,14.32,2009,10
2009-11-01,6.46,24.49,8.06,2009,11
2009-12-01,15.44,19.53,5.02,2009,12
2010-01-01,8.33,18.29,3.77,2010,1
2010-02-01,29.46,20.14,6.41,2010,2
2010-03-01,17.13,28.03,13.87,2010,3
2010-04-01,15.73,33.28,18.62,2010,4
2010-05-01,21.24,36.14,21.7,2010,5
2010-06-01,33.9,36.5,23.03,2010,6
2010-07-01,103.06,35.58,24.1,2010,7
2010-08-01,110.44,34.05,22.85,2010,8
2010-09-01,30.46,32.53,19.34,2010,9
2010-10-01,4.11,31.32,15.75,2010,10
2010-11-01,1.47,24.76,8.31,2010,11
2010-12-01,3.76,18.47,2.75,2010,12
2011-01-01,10.33,16.51,2.07,2011,1
2011-02-01,51.29,19.37,5.45,2011,2
2011-03-01,26.4,25.5,11.52,2011,3
2011-04-01,23.9,30.2,15.61,2011,4
2011-05-01,11.75,36.46,21.87,2011,5
2011-06-01,16.33,37.65,24.06,2011,6
2011-07-01,37.44,35.52,24.03,2011,7
2011-08-01,68.39,34.5,23.34,2011,8
2011-09-01,39.0,32.74,19.69,2011,9
2011-10-01,10.15,30.38,14.84,2011,10
2011-11-01,6.97,26.04,10.61,2011,11
2011-12-01,2.67,18.68,3.36,2011,12
2012-01-01,19.11,16.02,1.73,2012,1
2012-02-01,16.0,17.17,3.48,2012,2
2012-03-01,19.38,24.55,10.73,2012,3
2012-04-01,28.95,30.01,15.64,2012,4
2012-05-01,10.91,34.9,20.52,2012,5
2012-06-01,7.18,36.89,23.36,2012,6
2012-07-01,26.44,36.41,24.98,2012,7
2012-08-01,43.84,34.52,23.15,2012,8
2012-09-01,48.44,32.61,19.53,2012,9
2012-10-01,5.37,29.97,13.94,2012,10
2012-11-01,3.43,24.57,8.89,2012,11
2012-12-01,21.44,19.17,4.3,2012,12
2013-01-01,9.42,17.11,2.62,2013,1
2013-02-01,59.1,19.46,5.44,2013,2
2013-03-01,24.34,25.54,11.36,2013,3
2013-04-01,30.81,29.94,15.77,2013,4
2013-05-01,10.53,35.48,20.74,2013,5
2013-06-01,34.71,37.43,23.76,2013,6
2013-07-01,41.93,36.12,24.33,2013,7
2013-08-01,76.8,33.91,22.91,2013,8
2013-09-01,16.72,34.26,20.78,2013,9
2013-10-01,6.79,31.91,15.72,2013,10
2013-11-01,12.11,24.5,8.31,2013,11
2013-12-01,2.29,19.05,4.12,2013,12
2014-01-01,10.59,17.07,2.29,2014,1
2014-02-01,18.78,17.8,3.75,2014,2
2014-03-01,28.81,23.67,9.84,2014,3
2014-04-01,31.84,30.65,15.46,2014,4
2014-05-01,17.93,34.28,19.39,2014,5
2014-06-01,12.04,38.15,24.46,2014,6
2014-07-01,30.48,36.42,24.66,2014,7
2014-08-01,30.91,34.95,23.37,2014,8
2014-09-01,37.23,33.78,20.16,2014,9
2014-10-01,8.15,30.68,15.4,2014,10
2014-11-01,9.32,24.69,8.54,2014,11
2014-12-01,1.13,18.48,3.0,2014,12
2015-01-01,15.26,17.27,2.85,2015,1
2015-02-01,33.78,20.56,7.03,2015,2
2015-03-01,57.42,23.68,9.9,2015,3
2015-04-01,28.97,31.58,16.44,2015,4
2015-05-01,18.75,35.55,20.77,2015,5
2015-06-01,28.76,36.96,23.34,2015,6
2015-07-01,69.08,35.33,23.89,2015,7
2015-08-01,65.13,34.39,22.9,2015,8
2015-09-01,32.13,33.14,19.45,2015,9
2015-10-01,11.38,31.02,15.17,2015,10
2015-11-01,8.72,25.01,8.94,2015,11
2015-12-01,6.48,18.92,4.07,2015,12
2016-01-01,14.64,18.55,4.11,2016,1
2016-02-01,7.55,20.72,6.05,2016,2
2016-03-01,50.05,25.4,11.46,2016,3
2016-04-01,23.28,31.38,16.54,2016,4
2016-05-01,16.77,36.89,21.27,2016,5
2016-06-01,22.56,38.01,24.13,2016,6
2016-07-01,54.01,36.57,24.24,2016,7
2016-08-01,58.74,34.14,22.56,2016,8
2016-09-01,13.59,34.14,20.64,2016,9
2016-10-01,1.03,30.94,15.29,2016,10
2016-11-01,3.35,24.1,8.93,2016,11
2016-12-01,7.01,21.13,5.81,2016,12
2017-01-01,38.42,17.43,2.34,2017,1
2017-02-01,18.02,20.16,6.35,2017,2
2017-03-01,16.66,25.14,11.59,2017,3
2017-04-01,20.09,32.39,17.62,2017,4
2017-05-01,15.37,36.45,21.45,2017,5
2017-06-01,31.56,37.33,23.58,2017,6
2017-07-01,44.58,35.99,23.58,2017,7
2017-08-01,39.0,34.75,23.08,2017,8
2017-09-01,14.41,33.71,20.11,2017,9
2017-10-01,0.74,32.35,15.23,2017,10
2017-11-01,8.23,24.34,8.21,2017,11
2017-12-01,14.93,19.5,3.46,2017,12
2018-01-01,2.26,18.57,3.26,2018,1
2018-02-01,15.97,21.13,7.04,2018,2
2018-03-01,18.68,27.51,13.08,2018,3
2018-04-01,18.38,32.18,17.61,2018,4
2018-05-01,12.14,35.75,20.81,2018,5
2018-06-01,25.04,37.75,24.15,2018,6
2018-07-01,35.16,36.07,24.28,2018,7
2018-08-01,26.6,34.96,23.61,2018,8
2018-09-01,12.79,33.41,19.82,2018,9
2018-10-01,2.87,30.22,14.74,2018,10
2018-11-01,6.74,25.07,9.04,2018,11
2018-12-01,4.24,19.28,3.95,2018,12
2019-01-01,20.29,17.51,3.02,2019,1
2019-02-01,39.37,18.29,4.31,2019,2
2019-03-01,47.94,23.41,9.73,2019,3
2019-04-01,29.61,31.12,17.09,2019,4
2019-05-01,20.27,34.35,19.73,2019,5
2019-06-01,19.68,37.5,23.78,2019,6
2019-07-01,53.0,36.73,24.39,2019,7
2019-08-01,57.64,34.5,23.44,2019,8
2019-09-01,22.17,34.9,21.22,2019,9
2019-10-01,13.42,30.76,14.69,2019,10
2019-11-01,19.06,23.87,7.92,2019,11
2019-12-01,11.46,18.25,3.25,2019,12
2020-01-01,49.21,15.73,1.69,2020,1
2020-02-01,14.87,20.65,6.42,2020,2
2020-03-01,58.2,23.65,9.67,2020,3
2020-04-01,27.44,30.44,16.11,2020,4
2020-05-01,20.63,35.33,20.13,2020,5
2020-06-01,14.88,37.39,23.55,2020,6
2020-07-01,35.14,36.26,24.77,2020,7
2020-08-01,99.33,35.11,23.9,2020,8
2020-09-01,34.53,33.72,20.1,2020,9
2020-10-01,2.37,29.66,14.02,2020,10
2020-11-01,14.99,23.39,7.47,2020,11
2020-12-01,15.3,18.43,3.28,2020,12
2021-01-01,12.47,16.73,1.21,2021,1
2021-02-01,4.12,22.2,7.61,2021,2
2021-03-01,28.57,27.17,12.81,2021,3
2021-04-01,21.65,31.36,16.39,2021,4
2021-05-01,15.84,35.03,20.16,2021,5
2021-06-01,13.19,37.4,23.42,2021,6
2021-07-01,41.16,36.24,24.84,2021,7
2021-08-01,30.91,35.05,23.61,2021,8
2021-09-01,44.51,34.69,20.7,2021,9
2021-10-01,7.85,30.45,14.46,2021,10
2021-11-01,1.73,24.66,8.34,2021,11
2021-12-01,8.16,19.29,4.06,2021,12
2022-01-01,46.94,17.01,2.78,2022,1
2022-02-01,9.19,20.69,6.16,2022,2
2022-03-01,9.67,28.1,13.94,2022,3
2022-04-01,4.77,33.97,19.27,2022,4
2022-05-01,10.82,36.48,21.78,2022,5
2022-06-01,40.36,37.12,23.41,2022,6
2022-07-01,164.64,34.44,22.75,2022,7
2022-08-01,113.49,33.65,22.55,2022,8
2022-09-01,20.19,34.05,20.61,2022,9
2022-10-01,2.43,30.69,14.74,2022,10
2022-11-01,14.38,25.44,9.36,2022,11
2022-12-01,6.01,19.42,4.44,2022,12
2023-01-01,18.13,15.59,1.15,2023,1
2023-02-01,5.98,22.11,8.22,2023,2
2023-03-01,44.39,25.83,11.71,2023,3
2023-04-01,23.15,30.17,15.56,2023,4
2023-05-01,26.53,34.12,19.29,2023,5
2023-06-01,52.52,36.84,23.19,2023,6
2023-07-01,103.44,35.28,23.94,2023,7
2023-08-01,20.15,35.0,23.77,2023,8
2023-09-01,17.84,34.33,21.12,2023,9
2023-10-01,13.33,31.14,15.63,2023,10
2023-11-01,9.51,25.61,10.01,2023,11
2023-12-01,10.04,20.79,5.15,2023,12
2024-01-01,7.37,17.93,3.1,2024,1
2024-02-01,34.39,19.78,5.87,2024,2
2024-03-01,38.19,24.55,10.67,2024,3
2024-04-01,48.56,29.81,15.18,2024,4
2024-05-01,5.5,36.31,21.81,2024,5
2024-06-01,19.63,38.17,24.19,2024,6
2024-07-01,50.06,37.2,25.4,2024,7
2024-08-01,108.68,34.16,23.07,2024,8
2024-09-01,16.97,34.63,21.03,2024,9
2024-10-01,7.55,32.26,16.9,2024,10
2024-11-01,4.33,26.91,10.99,2024,11
2024-12-01,5.05,18.43,3.19,2024,12
